<?xml version="1.0" encoding="UTF-8"?>
<project-private xmlns="http://www.netbeans.org/ns/project-private/1">
    <open-files xmlns="http://www.netbeans.org/ns/projectui-open-files/2">
        <group>
            <file>file:/home/henry/Descargas/integral/MetodosNumericosU4/src/metodosnumericosu4/MetodosNumericosU4.java</file>
            <file>file:/home/henry/Descargas/integral/MetodosNumericosU4/src/metodosnumericosu4/frmPrincipal.java</file>
            <file>file:/home/henry/Descargas/integral/MetodosNumericosU4/src/metodosnumericosu4/dlgSimpsonTercioMultiple.java</file>
            <file>file:/home/henry/Descargas/integral/MetodosNumericosU4/src/metodosnumericosu4/dlgTrapecioMultiple.java</file>
            <file>file:/home/henry/Descargas/integral/MetodosNumericosU4/src/metodosnumericosu4/Metodos.java</file>
            <file>file:/home/henry/Descargas/integral/MetodosNumericosU4/src/metodosnumericosu4/FilaSimpsonTercioMultiple.java</file>
            <file>file:/home/henry/Descargas/integral/MetodosNumericosU4/src/metodosnumericosu4/FilaTrapecioMultiple.java</file>
        </group>
    </open-files>
</project-private>
